{"IcoMoonType":"selection","icons":[{"icon":{"paths":["M121.6 1000.96c0 0 491.52-444.16 491.52-444.16 26.88-24.32 26.88-65.28 0-89.6 0 0-3.84-1.28-3.84-1.28s-487.68-442.88-487.68-442.88c-26.88-24.32-71.68-24.32-99.84 0 0 0 0 0 0 0-12.8 11.52-21.76 28.16-21.76 46.080 0 0 0 885.76 0 885.76 0 17.92 8.96 33.28 23.040 44.8 0 0-1.28 1.28-1.28 1.28 28.16 24.32 72.96 24.32 99.84 0z"],"attrs":[{}],"width":640,"isMulticolor":false,"isMulticolor2":false,"grid":0,"tags":["arrow-right"]},"attrs":[{}],"properties":{"order":2,"id":0,"name":"arrow-right","prevSize":32,"code":59671},"setIdx":0,"setId":2,"iconIdx":0}],"height":1024,"metadata":{"name":"icomoon"},"preferences":{"showGlyphs":true,"showQuickUse":true,"showQuickUse2":true,"showSVGs":true,"fontPref":{"prefix":"icon-","metadata":{"fontFamily":"icomoon"},"metrics":{"emSize":1024,"baseline":6.25,"whitespace":50},"embed":false},"imagePref":{"prefix":"icon-","png":true,"useClassSelector":true,"color":0,"bgColor":16777215,"classSelector":".icon"},"historySize":50,"showCodes":true,"gridSize":16}}